{
	"files": [

	],
	"folders": {
		"Characters": {
			"files": [
				"character-1667380116.json",
				"character-1667380216.json",
				"character-1667384970.json",
				"character-1667400918.json",
				"character-1668695241.json",
				"character-1668705411.json",
				"character-1669036037.json",
				"character-1669036058.json"
			],
			"folders": {

			},
			"metadata": {
				"color": null,
				"folded": false
			}
		},
		"Definitions": {
			"files": [
				"1668695415-907",
				"1668705387-642",
				"1668705515-748",
				"1668708262-246",
				"1669036279-943",
				"1669038028-212"
			],
			"folders": {

			},
			"metadata": {
				"color": null,
				"folded": false
			}
		},
		"Themes": {
			"files": [
				"default-theme.cfg"
			],
			"folders": {

			},
			"metadata": {
				"color": null,
				"folded": false
			}
		},
		"Timelines": {
			"files": [
				"timeline-1667380161.json",
				"timeline-1667384996.json",
				"timeline-1667401357.json",
				"timeline-1668442491.json",
				"timeline-1668443150.json",
				"timeline-1668695227.json",
				"timeline-1668704913.json",
				"timeline-1668705476.json",
				"timeline-1668985457.json",
				"timeline-1669036255.json",
				"timeline-1669036261.json",
				"timeline-1669036267.json",
				"timeline-1669105927.json"
			],
			"folders": {

			},
			"metadata": {
				"color": null,
				"folded": false
			}
		}
	}
}
