{
	"color": "#ffeaae6e",
	"description": "",
	"display_name": "Tabliczka ",
	"display_name_bool": false,
	"id": "character-1667400918.json",
	"mirror_portraits": false,
	"name": "Sign",
	"nickname": "",
	"nickname_bool": false,
	"offset_x": 0,
	"offset_y": -180,
	"portraits": [
		{
			"name": "Default",
			"path": "res://ASSETS/npcs/sign/sign1.png"
		},
		{
			"name": "sign2",
			"path": "res://ASSETS/npcs/sign/sign2.png"
		},
		{
			"name": "sign3",
			"path": "res://ASSETS/npcs/sign/sign3.png"
		}
	],
	"scale": 500,
	"theme": ""
}
