{
	"events": [
		{
			"animation": "[Default]",
			"animation_length": 0,
			"change_mirror_portrait": false,
			"change_z_index": false,
			"character": "character-1667380216.json",
			"event_id": "dialogic_002",
			"mirror_portrait": false,
			"portrait": "Default",
			"portrait_definition": "",
			"position": {
				"0": true,
				"1": false,
				"2": false,
				"3": false,
				"4": false
			},
			"type": 0,
			"z_index": 0
		},
		{
			"animation": "[Default]",
			"animation_length": 0,
			"change_mirror_portrait": false,
			"change_z_index": false,
			"character": "character-1668695241.json",
			"event_id": "dialogic_002",
			"mirror_portrait": false,
			"portrait": "Default",
			"portrait_definition": "",
			"position": {
				"0": false,
				"1": false,
				"2": false,
				"3": false,
				"4": true
			},
			"type": 0,
			"z_index": 0
		},
		{
			"condition": "",
			"definition": "1668695415-907",
			"event_id": "dialogic_012",
			"value": "true"
		},
		{
			"character": "character-1668695241.json",
			"event_id": "dialogic_001",
			"portrait": "",
			"text": "Thank you for killing those dangerous Toms! I was afraid I was already dead!"
		},
		{
			"event_id": "dialogic_013"
		},
		{
			"condition": "",
			"definition": "1668695415-907",
			"event_id": "dialogic_012",
			"value": "false"
		},
		{
			"character": "character-1668695241.json",
			"event_id": "dialogic_001",
			"portrait": "",
			"text": "I beg you to help me! Save me from these Toms!"
		},
		{
			"character": "character-1667380216.json",
			"event_id": "dialogic_001",
			"portrait": "",
			"text": "Tomow? All I see here are tigers...."
		},
		{
			"character": "character-1668695241.json",
			"event_id": "dialogic_001",
			"portrait": "",
			"text": "What are you talking about? Above this hiding place two big purple Toms are hunting me! Save me, please..."
		},
		{
			"event_id": "dialogic_013"
		},
		{
			"event_id": "dialogic_022",
			"transition_duration": 1
		}
	],
	"metadata": {
		"dialogic-version": "1.4.5",
		"file": "timeline-1668695227.json",
		"name": "cavewoman"
	}
}
