{
	"events": [
		{
			"animation": "[Default]",
			"animation_length": 0,
			"change_mirror_portrait": false,
			"change_z_index": false,
			"character": "character-1667384970.json",
			"event_id": "dialogic_002",
			"mirror_portrait": false,
			"portrait": "Default",
			"portrait_definition": "",
			"position": {
				"0": false,
				"1": false,
				"2": false,
				"3": false,
				"4": true
			},
			"type": 0,
			"z_index": 0
		},
		{
			"animation": "[Default]",
			"animation_length": 0,
			"change_mirror_portrait": false,
			"change_z_index": false,
			"character": "character-1667380216.json",
			"event_id": "dialogic_002",
			"mirror_portrait": false,
			"portrait": "Default",
			"portrait_definition": "",
			"position": {
				"0": true,
				"1": false,
				"2": false,
				"3": false,
				"4": false
			},
			"type": 0,
			"z_index": 0
		},
		{
			"character": "character-1667384970.json",
			"event_id": "dialogic_001",
			"portrait": "",
			"text": "RAWR!!!"
		},
		{
			"character": "character-1667380216.json",
			"event_id": "dialogic_001",
			"portrait": "",
			"text": "Aaa!!! You want to scare me to death!?"
		},
		{
			"character": "character-1667384970.json",
			"event_id": "dialogic_001",
			"portrait": "",
			"text": "No, why would I do that? \nI saw that you know how to speak as the only one in this place."
		},
		{
			"character": "character-1667384970.json",
			"event_id": "dialogic_001",
			"portrait": "",
			"text": "And so I wanted to talk to you."
		},
		{
			"character": "character-1667384970.json",
			"event_id": "dialogic_001",
			"portrait": "",
			"text": "I didn't know you would be so scared."
		},
		{
			"character": "character-1667380216.json",
			"event_id": "dialogic_001",
			"portrait": "",
			"text": "But you are a dinosaur! How do you speak?"
		},
		{
			"character": "character-1667384970.json",
			"event_id": "dialogic_001",
			"portrait": "",
			"text": "And well you see, once upon a time I was not a dinosaur but a HUMAN! I just got stuck in this land and over time I started turning into a dinosaur."
		},
		{
			"character": "character-1667384970.json",
			"event_id": "dialogic_001",
			"portrait": "",
			"text": "And thank God, because at least I am no longer the potential dinner of every being who lives here."
		},
		{
			"character": "character-1667384970.json",
			"event_id": "dialogic_001",
			"portrait": "",
			"text": "Only half of them..."
		},
		{
			"character": "character-1667380216.json",
			"event_id": "dialogic_001",
			"portrait": "",
			"text": "So you're saying that if I don't get out of here soon I'll turn into a dinosaur forever?"
		},
		{
			"character": "character-1667384970.json",
			"event_id": "dialogic_001",
			"portrait": "",
			"text": "That's right! So cool, huh?"
		},
		{
			"character": "character-1667380216.json",
			"event_id": "dialogic_001",
			"portrait": "",
			"text": "No, I just want to go home."
		},
		{
			"character": "character-1667384970.json",
			"event_id": "dialogic_001",
			"portrait": "",
			"text": "I do not recommend you to travel further.... But if you must then try. There is a portal behind my back. Good luck!"
		},
		{
			"animation": "[Default]",
			"animation_length": 0,
			"change_mirror_portrait": false,
			"change_z_index": false,
			"character": "character-1667384970.json",
			"event_id": "dialogic_002",
			"mirror_portrait": false,
			"portrait": "",
			"portrait_definition": "",
			"position": {
				"0": false,
				"1": false,
				"2": false,
				"3": false,
				"4": false
			},
			"type": 1,
			"z_index": 0
		},
		{
			"character": "character-1667380216.json",
			"event_id": "dialogic_001",
			"portrait": "",
			"text": "Ehh... I have a long journey ahead of me..."
		},
		{
			"animation": "[Default]",
			"animation_length": 0,
			"change_mirror_portrait": false,
			"change_z_index": false,
			"character": "character-1667380216.json",
			"event_id": "dialogic_002",
			"mirror_portrait": false,
			"portrait": "",
			"portrait_definition": "",
			"position": {
				"0": false,
				"1": false,
				"2": false,
				"3": false,
				"4": false
			},
			"type": 1,
			"z_index": 0
		},
		{
			"event_id": "dialogic_022",
			"transition_duration": 1
		}
	],
	"metadata": {
		"dialogic-version": "1.4.5",
		"file": "timeline-1667384996.json",
		"name": "Dino1"
	}
}
