{
	"events": [
		{
			"animation": "[Default]",
			"animation_length": 0,
			"change_mirror_portrait": false,
			"change_z_index": false,
			"character": "character-1667380216.json",
			"event_id": "dialogic_002",
			"mirror_portrait": false,
			"portrait": "Default",
			"portrait_definition": "",
			"position": {
				"0": true,
				"1": false,
				"2": false,
				"3": false,
				"4": false
			},
			"type": 0,
			"z_index": 0
		},
		{
			"animation": "[Default]",
			"animation_length": 0,
			"change_mirror_portrait": false,
			"change_z_index": false,
			"character": "character-1667400918.json",
			"event_id": "dialogic_002",
			"mirror_portrait": false,
			"portrait": "Default",
			"portrait_definition": "",
			"position": {
				"0": false,
				"1": false,
				"2": false,
				"3": false,
				"4": true
			},
			"type": 0,
			"z_index": 0
		},
		{
			"character": "character-1667380216.json",
			"event_id": "dialogic_001",
			"portrait": "",
			"text": "Ooo, the tablet!"
		},
		{
			"character": "character-1667400918.json",
			"event_id": "dialogic_001",
			"portrait": "",
			"text": "Jump: W\nRight/left movement: A/D"
		},
		{
			"character": "character-1667400918.json",
			"event_id": "dialogic_001",
			"portrait": "",
			"text": "To kill an enemy you have to jump on his head"
		},
		{
			"character": "character-1667400918.json",
			"event_id": "dialogic_001",
			"portrait": "",
			"text": "It's worth finding collectibles!"
		},
		{
			"character": "character-1667400918.json",
			"event_id": "dialogic_001",
			"portrait": "",
			"text": "Red potions restore life to up to 3 hearts."
		},
		{
			"character": "character-1667400918.json",
			"event_id": "dialogic_001",
			"portrait": "",
			"text": "You can bounce off the wall (walljump)\nThe easiest way to do it is to hold the jump key the whole time and change right-left movement keys as needed"
		}
	],
	"metadata": {
		"dialogic-version": "1.4.5",
		"file": "timeline-1667401357.json",
		"name": "Sign1"
	}
}
