{
	"events": [
		{
			"animation": "[Default]",
			"animation_length": 0,
			"change_mirror_portrait": false,
			"change_z_index": false,
			"character": "character-1667380216.json",
			"event_id": "dialogic_002",
			"mirror_portrait": false,
			"portrait": "Default",
			"portrait_definition": "",
			"position": {
				"0": true,
				"1": false,
				"2": false,
				"3": false,
				"4": false
			},
			"type": 0,
			"z_index": 0
		},
		{
			"character": "character-1667380216.json",
			"event_id": "dialogic_001",
			"portrait": "",
			"text": "Ooo fire! How cool! I'll take it, it will definitely be useful. The only thing is it won't burn forever...."
		},
		{
			"animation": "[Default]",
			"animation_length": 0,
			"change_mirror_portrait": false,
			"change_z_index": false,
			"character": "character-1667380116.json",
			"event_id": "dialogic_002",
			"mirror_portrait": false,
			"portrait": "Default",
			"portrait_definition": "",
			"position": {
				"0": false,
				"1": false,
				"2": false,
				"3": false,
				"4": true
			},
			"type": 0,
			"z_index": 0
		},
		{
			"character": "character-1667380116.json",
			"event_id": "dialogic_001",
			"portrait": "",
			"text": "The fire will go out when the time next to the hourglass goes down to 0."
		},
		{
			"character": "character-1667380116.json",
			"event_id": "dialogic_001",
			"portrait": "",
			"text": "If you lose it, you have to come for it again. Hurry up!"
		},
		{
			"event_id": "dialogic_022",
			"transition_duration": 1
		}
	],
	"metadata": {
		"dialogic-version": "1.4.5",
		"file": "timeline-1668704913.json",
		"name": "fire"
	}
}
