{
	"events": [
		{
			"animation": "[Default]",
			"animation_length": 0,
			"change_mirror_portrait": false,
			"change_z_index": false,
			"character": "character-1667380116.json",
			"event_id": "dialogic_002",
			"mirror_portrait": false,
			"portrait": "Default",
			"portrait_definition": "",
			"position": {
				"0": false,
				"1": false,
				"2": false,
				"3": false,
				"4": true
			},
			"type": 0,
			"z_index": 0
		},
		{
			"character": "character-1667380116.json",
			"event_id": "dialogic_001",
			"portrait": "",
			"text": "You can't enter Pharaoh's chamber because you haven't collected all the parts of the sarcophagus."
		},
		{
			"character": "character-1667380116.json",
			"event_id": "dialogic_001",
			"portrait": "",
			"text": "Come back when you have completed the mission!"
		},
		{
			"event_id": "dialogic_022",
			"transition_duration": 1
		}
	],
	"metadata": {
		"dialogic-version": "1.4.5",
		"file": "timeline-1669105927.json",
		"name": "Wallblock"
	}
}
