{
	"events": [
		{
			"animation": "[Default]",
			"animation_length": 0,
			"change_mirror_portrait": false,
			"change_z_index": false,
			"character": "character-1667380216.json",
			"event_id": "dialogic_002",
			"mirror_portrait": false,
			"portrait": "Default",
			"portrait_definition": "",
			"position": {
				"0": true,
				"1": false,
				"2": false,
				"3": false,
				"4": false
			},
			"type": 0,
			"z_index": 0
		},
		{
			"animation": "[Default]",
			"animation_length": 0,
			"change_mirror_portrait": false,
			"change_z_index": false,
			"character": "character-1667380116.json",
			"event_id": "dialogic_002",
			"mirror_portrait": false,
			"portrait": "Default",
			"portrait_definition": "",
			"position": {
				"0": false,
				"1": false,
				"2": false,
				"3": false,
				"4": true
			},
			"type": 0,
			"z_index": 0
		},
		{
			"character": "character-1667380116.json",
			"event_id": "dialogic_001",
			"portrait": "",
			"text": "\"...Homo Sapiens at the beginning of the origin of the species was almost at the bottom of the food chain of all creatures....\""
		},
		{
			"character": "character-1667380216.json",
			"event_id": "dialogic_001",
			"portrait": "",
			"text": "Which means everything will want to eat me here. How lovely."
		},
		{
			"character": "character-1667380116.json",
			"event_id": "dialogic_001",
			"portrait": "",
			"text": "\"...Until they learned how to use fire. It provided them with warmth, defense, more nutritious food, and later enabled them to develop agriculture and various crafts...\""
		},
		{
			"character": "character-1667380216.json",
			"event_id": "dialogic_001",
			"portrait": "",
			"text": "And I don't have any matches with me. Damn."
		},
		{
			"character": "character-1667380216.json",
			"event_id": "dialogic_001",
			"portrait": "",
			"text": "[b]I will try to find some other source of fire[/b]. It's an easy thing to do, for sure."
		},
		{
			"character": "character-1667380216.json",
			"event_id": "dialogic_001",
			"portrait": "",
			"text": "I guess..."
		}
	],
	"metadata": {
		"dialogic-version": "1.4.5",
		"file": "timeline-1668442491.json",
		"name": "Book2"
	}
}
