{
	"events": [
		{
			"animation": "[Default]",
			"animation_length": 0,
			"change_mirror_portrait": false,
			"change_z_index": false,
			"character": "character-1667380216.json",
			"event_id": "dialogic_002",
			"mirror_portrait": false,
			"portrait": "Default",
			"portrait_definition": "",
			"position": {
				"0": true,
				"1": false,
				"2": false,
				"3": false,
				"4": false
			},
			"type": 0,
			"z_index": 0
		},
		{
			"animation": "[Default]",
			"animation_length": 0,
			"change_mirror_portrait": false,
			"change_z_index": false,
			"character": "character-1668705411.json",
			"event_id": "dialogic_002",
			"mirror_portrait": false,
			"portrait": "Default",
			"portrait_definition": "",
			"position": {
				"0": false,
				"1": false,
				"2": false,
				"3": false,
				"4": true
			},
			"type": 0,
			"z_index": 0
		},
		{
			"condition": "",
			"definition": "1668705515-748",
			"event_id": "dialogic_012",
			"value": "true"
		},
		{
			"character": "character-1667380216.json",
			"event_id": "dialogic_001",
			"portrait": "",
			"text": "Hey, do you know where I can find a portal?"
		},
		{
			"character": "character-1668705411.json",
			"event_id": "dialogic_001",
			"portrait": "",
			"text": "I know. But I won't say."
		},
		{
			"character": "character-1667380216.json",
			"event_id": "dialogic_001",
			"portrait": "",
			"text": "Can I somehow convince you to tell me?"
		},
		{
			"character": "character-1668705411.json",
			"event_id": "dialogic_001",
			"portrait": "",
			"text": "Well, yes. You just need to [b]bring me a fire[/b]. I'm getting cold."
		},
		{
			"event_id": "dialogic_013"
		},
		{
			"condition": "",
			"definition": "1668705387-642",
			"event_id": "dialogic_012",
			"value": "true"
		},
		{
			"character": "character-1667380216.json",
			"event_id": "dialogic_001",
			"portrait": "",
			"text": "I have a fire! Please, here it is."
		},
		{
			"character": "character-1668705411.json",
			"event_id": "dialogic_001",
			"portrait": "",
			"text": "Thank you"
		},
		{
			"character": "character-1667380216.json",
			"event_id": "dialogic_001",
			"portrait": "",
			"text": "Will you tell me now?"
		},
		{
			"character": "character-1668705411.json",
			"event_id": "dialogic_001",
			"portrait": "",
			"text": "Did you save my wife?"
		},
		{
			"condition": "",
			"definition": "1668695415-907",
			"event_id": "dialogic_012",
			"value": "false"
		},
		{
			"character": "character-1668705411.json",
			"event_id": "dialogic_001",
			"portrait": "",
			"text": "Then [b]go back and save her[/b]. I left her yesterday to be eaten by Tom because she was annoying me."
		},
		{
			"character": "character-1668705411.json",
			"event_id": "dialogic_001",
			"portrait": "",
			"text": "But now, I would like her back. No one prepares roast Toms as well as she does...."
		},
		{
			"event_id": "dialogic_013"
		},
		{
			"condition": "",
			"definition": "1668695415-907",
			"event_id": "dialogic_012",
			"value": "true"
		},
		{
			"character": "character-1667380216.json",
			"event_id": "dialogic_001",
			"portrait": "",
			"text": "Yes"
		},
		{
			"character": "character-1668705411.json",
			"event_id": "dialogic_001",
			"portrait": "",
			"text": "Okay, that's fine. I'll tell you."
		},
		{
			"character": "character-1668705411.json",
			"event_id": "dialogic_001",
			"portrait": "",
			"text": "The portal is behind my back. Good luck on your journey."
		},
		{
			"character": "character-1667380216.json",
			"event_id": "dialogic_001",
			"portrait": "",
			"text": "Thanks"
		},
		{
			"definition": "1668708262-246",
			"event_id": "dialogic_014",
			"operation": "=",
			"random_upper_limit": 100,
			"set_random": false,
			"set_value": "true"
		},
		{
			"event_id": "dialogic_013"
		},
		{
			"event_id": "dialogic_013"
		},
		{
			"condition": "",
			"definition": "1668705387-642",
			"event_id": "dialogic_012",
			"value": "false"
		},
		{
			"character": "character-1667380216.json",
			"event_id": "dialogic_001",
			"portrait": "",
			"text": "I don't have a fire..."
		},
		{
			"character": "character-1668705411.json",
			"event_id": "dialogic_001",
			"portrait": "",
			"text": "Then [b]you have to bring it[/b] to me. Then I will tell you."
		},
		{
			"condition": "",
			"definition": "1668695415-907",
			"event_id": "dialogic_012",
			"value": "false"
		},
		{
			"character": "character-1668705411.json",
			"event_id": "dialogic_001",
			"portrait": "",
			"text": "A! I almost forgot. [b]Save my wife[/b] on the way. I left her to be eaten by Tom because she was annoying me."
		},
		{
			"character": "character-1668705411.json",
			"event_id": "dialogic_001",
			"portrait": "",
			"text": "But now, I would like her back. No one prepares roast Toms as well as she does...."
		},
		{
			"event_id": "dialogic_013"
		},
		{
			"character": "character-1667380216.json",
			"event_id": "dialogic_001",
			"portrait": "",
			"text": "Okay, fine..."
		},
		{
			"event_id": "dialogic_013"
		},
		{
			"event_id": "dialogic_022",
			"transition_duration": 1
		}
	],
	"metadata": {
		"dialogic-version": "1.4.5",
		"file": "timeline-1668705476.json",
		"name": "caveman"
	}
}
